Tweet,Sarcasm (yes/no)
"Fantastic service yet again from EE. 1st you upgrade me to the wrong number, and now you cut me off entirely!!",yes
Not sure if that was or  . I'll take it! ,yes
Barely 9 am and already shaking with rage.,yes
I guess that proves it then. Black folks have no cause for complaint.,yes
Does this tweet need a tag?,yes
both. Won't be using you again. Made a formal complaint via email too. Not heard anything.,yes
Fuuuuuuuuck this shit screams thug!!,yes
66 UEs from Staniel and he wins in straights. But now let's talk about how talented and promising Chung is.,yes
totally surprising to every husker fan,yes
Haha got to love the enthusiasm,yes
a southern pride advocate but of course it has nothing to do with race,yes
So nice not hearing any rumors that the  aren't in any upcoming deals!,yes
"""We should divide illegals into two lines: one for murderers, one for rapists.""",yes
doesn't even look like that great of a view.,yes
Monday's are always dreadful. Why are Friday's so far away from Monday?!,yes
If you don't find it funny (esp coming from ) you don't get his,yes
is a wonderful thing,yes
I just love when I'm asked my opinion and then told I'm wrong and just trying to argue.,yes
New York,yes
"So, they finally found out! Hun... For me, healthy brain is way important than being rude ;)",yes
I love all the people that text me just because,yes
you have no right to dislike the biggest movie of India Baahubali and like any other small budget movie ,yes
According to buzzfeed I'm really  Who knew?! ,yes
It's like they think they can simply buy off elected officials.,yes
that really is just like outer space,yes
How the hell did he get to the gate? And he was taken alive?,yes
Choke traffic!! HAPPY HUMP DAY EVERYBODY!!! @ H-1 Westbound,yes
Crackers and water !,yes
"You mean she was his ""slave mistress""?",yes
"Thank goodness this has been settled, we all can FINALLY get on w/our regularly schd'd lives!",yes
I agree but most American don't give two shits about what's going on.,yes
R we seeing retaliation for trading for Chase Utley?,yes
is this a paid tweet ?,yes
Girls posses great logic ..,yes
I think it's been a pretty good day so far.,yes
Another racially diverse bear weekend promotion.,yes
what are you talking about? They’re only up 15 one that’s not by much at all,yes
Yes... we must tolerate the intolerant...,yes
God must love stupid people  He made SO many,yes
is redefining funny through her sublime performance in . It's a treat watching her.,yes
"since white Americans did it, ipso facto a priori it can't be terrorism",yes
Camp on Sunday.....what can be better than that?,yes
thanks for sharing ( ),yes
Oh no! You mean improving lives of many Chipotle employees means a slightly more expensive taco?,yes
Hey I don't think you guys have sent me enough emails. Is there a mailing list I can sign up for?,yes
I'm at the library and my phone has been dead for the majority of the day. This is the hell I live in.,yes
"I hate when I tell someone just how intelligent,sexy and amazing I think they are and then find out they don't understand",yes
"Corporate welfare fails again, we're absolutely shocked!",yes
Jordys knee would be fine right now if the game was played at night as originally planned.,yes
Having the best day ever!,yes
The Only Running I do Is LATE,yes
Only 9-2 win to sweep series?!?!?,yes
So when I first joined Twitter it was only because I was a part of some random I Love Vampires fan club. *sigh* those good old days,yes
Love this HD web broadcast of an important Pan Am sports finale.,yes
"jr can scout talent, why bother having him on a talent show. *facepalm*",yes
"I know, I too was being",yes
So sat at terminal 5 having a coffee with the bae   listing to some dope tunes on the radio........,yes
AWWW FUCK CELTIC HAVE ONLY GOT THREE STRIKERS !! FUCCCCCKK AW NAW ! SOMEBODY HELP US !!,yes
"Gotta love the ""automatic response emails"" from State representatives!",yes
tells me the Rockies are going to sweep this series. I appreciate that. I won't waste my time watching.,yes
"""If only the 10 year old had a gun too.""  via",yes
"Oh my God, Huckabee....You're so hilarious...ha ha...ha.......ha.",yes
Hindsight is 20/20.,yes
so glad I took the time to shower before work,yes
Thank you to everyone on snapchat for informing me that school starts tomorrow because I really didn't have a clue,yes
RT :  missed what exactly about McFarland?,yes
Yes,no
And the  experience just gets better and better *she says with a face like thunder* And I get to pay for it too,yes
Whelp Samsung is deciding to bastardize their Note line for vanity.The S6 integrated battery is great,yes
LOL...was confused at 1st! Like wait...what? Then I realize it was when I saw the drama!,yes
oooh that was a good one.,yes
"also, I think you misunderstood my tweet.",yes
No checks (Czechs are welcome).,yes
sell him he's shit,yes
My bad did I go to far with simpleton? Should have stopped at brainwashed.,yes
But Hulk Hogan was Mr. T's tag team partner in 1985. Proof he's not racist in any way!,yes
so I was pretty close to being done and then  failed to install. Back to square 1 with 2.7gb download... Great.,yes
"Well, there's only one solution. If seagulls are as dangerous as the media suggests it's time to send in the SAS",yes
They say write what U kno so...  JK! Wish I could say I was guilty of this but my life is almost too perfect!,yes
Can't sleep! Thinking way too much!,yes
An automated system set up by the council to make things easier doesn't actually work. I'm shocked to my very core,yes
acche din for both China and India,yes
WOW!!! Can totally see the difference!,yes
"Accept that some days you are the pigeon, and some days you are the statue. - Dilbert",yes
Hey helicopter! Thx sooo much for flying above our building for 1/2 hour just now and waking everyone up!,yes
"This is the ""It's Monday."" face.",yes
Team photoshoot in the middle of the street wasn't awkward at all but i do love getting weird looks from strangers,yes
Looks like England are missing Jimmy,yes
And the world was always a good place to live in!!! *holds a board*,yes
"Yes Cutler,  please get hurt. It's only preseason.",yes
Nice people the Tories,yes
..hahaha I know what u meant.,yes
cant believe obama didnt try to throw in some gitmo detainees as an exchange before they came home.,yes
The I love you but Imma block you &gt;&gt;&gt;&gt;,yes
After a lot of thought and planning  has launched her new logo.,yes
it has been,yes
Time to cut down all the trees! 2 teens killed in Yosemite when tree branch falls on tent,yes
silly you have to,yes
Always tell others how they should live their lives,yes
Very disturbing image... Look at that little one threatening the police!,yes
Just had a 2014 Bowman Draft Case break w/ 4 Missing. 4 Really? I am sure you will replace them with something great,yes
Whats the problem with Donald Trump?,yes
Love going to websites and Facebook pages to find they have not been updated for months or years!,yes
 by whimsy.wonderful,yes
there are single celled plants superior to most i saw today,yes
. disinvited to 'Hick Prom'? I'm sure he'll bounce back from this terrible development.,yes
but how much coal power does it take to power one of those wind farms?,yes
After his big weekend Shaw finally able to crack potent Sox lineup,yes
they wrote 'an suspected' instead of 'a suspected'. Lol intended,yes
Thank you for your hindsight and wonderful insight into historical cause and effect.,no
Yes that is,yes
"Mitchell, Weise, Gilbert. Or De La Rose, Emelin, Pateryn.",yes
Nice job modeling Christ.,yes
Only Person I Trust More than  Democrats Are Useful Idiots For 1% Rulers,yes
Can we have more stories about Man Utd. You really don't cover them enough,yes
makes sense on a road course,no
Rainbow Six delayed. Ubisoft taking their time to downgrade the graphics.,yes
no but it makes you a model,yes
well thanks for taking ownership of this and going above &amp; beyond with your customer care,yes
Pot using gangsters live on my street! I was terrified! I approached them and they offered me pizza! Lets get them!,yes
Nice to see  putting winning and the team above everything.,yes
- this gives those of us in geography a sense of job security. Keep it up,yes
"Yeah they should have done something original like, have some fine women hanging around cars and guns.",yes
"Nah, I'm not nervous at all.",yes
Is the highest form of ?,yes
omg he said he was the devil and he was coming to end the world,yes
Very surprised Kozma made an out there. He's usually clutch.,yes
Ya America doesn't have a gun problem...,yes
And the Tigers jump out to a mssive 12 point lead,yes
LeVon Washington still plays baseball?!,yes
"Shocked my job isn't on this list.  ""These Are the Highest-Paying Jobs of 2015""",yes
"Well, that was the most delightful Friday evening rush hour ever.",yes
"I heard that  and  are getting married, hence their divorces",yes
you're right... thad lewis is better than johnny Menzel bow,yes
Today's vlog MIGHT be up before midnight tonight thanks to 's amazing service. Best internet ever.,yes
Blown away by the size of this generous,yes
"Too cute, lol!",yes
you know what I love? people who respond to stress by being horrible humans to everyone around them!,yes
"Oh goody, the software manual is only 844 pages long. That's just the sort of light summer reading I enjoy on a Friday afternoon.",yes
Exactly. Imma smartass...so stop bein a lil bitch :),yes
Are we all that led by  &amp;  ? I haven't eaten Kale in 3 wks... Hope I don't die!,yes
love my mind... I totally wanted to sleep 3 hours on a saturday!,yes
"Awwwwwww, someone sayang this timid pap govt, soooooo scared of harassment ...",yes
3am. Stuck awake. Another early night then.,yes
Caught a knock-out on my Disney's Cars fishing pole. Gold star to whoever can guess what…,yes
of course! Whites are to blame for every fucking thing wrong w this country!,yes
Yeah right. I will believe that.,yes
". Well, I mean",no
"I thought was the reason I had no friends in . But nope, it's me...",yes
"Politics, n: Poly ""many"" + tics ""blood-sucking parasites"" ~ Larry Hardiman",yes
Look we are in support of increasing your sales !!  can provide ride too !!,yes
"There couldn't possibly be another interesting man in the house, just the great Austin",yes
but it's on TV ... it must be real right? 'Cause TV wouldn't show us a non-realistic reality right?,yes
Just watched that interview  those people SO don't get British humour/sarcasm! U were awesome!!,yes
I love work so much that I'm missing two concerts this week just to go to work. ,yes
"Yes, apparently too many disabled people are getting away with living a life of unbridled pleasure",yes
you probably take kids candy as well,yes
"Clearly, Obama, &amp; Obamacare have ruined this economy: U.S. jobless claims drop to 41-1/2-year low",yes
I love listening to babies giggle through the emotional Sciles scene from the last ep of,yes
Getting scammed on some MJ is pretty cool.. ,yes
Seriously my vacation is horrible.,yes
I just love people with shitty attitudes,yes
Good point. Didn't say I NEEDED more followers however. Just saying you'd think I'd have more since I'm so great.,yes
TAHM BRADY IS A FAHKIN AMERICAN HERO!!  HE DON'T NEED TAH CHEAT CUZ HE IS UNSTOPPABLE!!! IT'S A FAHKIN CONSPIRACY!!!!,yes
So is  retiring? Hmmm hadn't heard that,yes
What an amazing deal!  is SO generous with the prices of their nonstandard crap.,yes
This is their year!,yes
Love when u land and ur gate is still occupied.,yes
How dare you  ... Just let them hit,yes
"So, based on transcripts w/Brady's unequivocal denial under oath &amp;Goodell's ruling, should expect perjury charges?",yes
Bahahaha. OrIWillSlapPeople   sarcasm_only with repostapp,yes
"also, how DARE you read the teleprompter? It's like it's your job to report the news or something",yes
seeking to undermine a non-Tory MP Nick? How unlike you,yes
How dare those evil scouts embarrass ! They must be part of some sort of opposition plot! Probably a fake rule!,yes
"really kelvin you said playoffs?! As a baseball ""guru"" we call it the postseason. Pshhhh playoffs..",yes
You should tweet that to Jean just in case ;),yes
Didn't Carlos colon have the world title like 84 times?,yes
but your company knows a nice place for cheap that it recommends to consultants and the like...,yes
Oh certain hockey players are such mature upstanding gentlemen,yes
I'm so glad this thing isn't letting me save my work.,yes
Someone lend me a few million....I wanna make a movie as awesome as Sharknado.,yes
Today is a prime example of why Nashville is a dull city where no one wants to live. There's nothing to do tonight.,yes
As  would say he should have just had the Tommy John.,yes
Switching internet providers. The necessary work is scheduled for Thursday pm. We just got cut off. Great job .,yes
This preacher seems nice.,yes
Can't wait to give a speech later in public speaking,yes
"Yeah, it's better to degrade and humiliate your spouse off camera, like he did.",yes
"Sorry, spelling error. I meant Amurica, aka U.S. which is part of America  ?",yes
A Friday night match at  for  in Round 23. That'll be fun to get to.,yes
Oh no I don't know how I'm going to cope........   ,yes
I wonder why Jacob Butterfield didn't want to play for us?!?,yes
and the first roll of our d&amp;d game is a 2. thank goodness for my +3 modifier.,yes
Antichrist Pervert!,yes
What a shocker,yes
Has anyone ever really seen an **angry** Canadian?? Maybe not since social media...,yes
Ban Condom Ads and slutty women on television because who needs sex education? Bad for our culture,yes
Sarcasm is such a beautiful thing...it really brings people together,yes
I see ITV is upping it's game with,yes
"Great offers on at the Ings store, Hull. The entire Pepsi range had this offer on. Might have to get 2",yes
"Look at all these dog-aggressive pit bulls... Zorra, Lexy, and Jackson are all available for…",yes
Standard.,yes
"Hey - Carlos Gomez is causing problems in Houston too . . . well, there's a surprise.",yes
sounding like a man is soo attractive -_-,yes
hey just wanted to say thanks @ puberty for letting me be apart of the itty bitty fucking titty committee luv it,yes
I hate ukeleles too,yes
"Also, driving to Devon via Camberley for a meeting is going to do my back the world of good",yes
"“: : Use  or ? Make sure driver is registered in "" More Govt. Good.",yes
why you so mad at Shelly?,yes
RT : Thanks  &amp; !,yes
Another INT by Wilson... Time to pull him!,yes
Miley started performing and I stopped watching. Thanks for a good show mtv.,yes
"It's not Halloween there is no need to wear that ugly mask...oh, wait that's your face.",yes
"think his ""tone"" needs a lot of powder and concealer. He has a very red undertone.",yes
I  Snarky Keychains!,yes
woke up in the BEST mood ,yes
"Looks like Rory's ""Hall of Fame"" commercial is back this year for another",yes
3 people unfollowed me on Twitter last night. Please respect my privacy during this difficult time.,yes
Stopping your 10 grandkids in front of my apt to watch an ambulance responding to a call isn't as rude as a 7 yr old saying damn,yes
Man U has a brilliant defense.,yes
"Yeah, but so, so enlightening for them, right, ?  Seriously: it is hard work, but change is one at a time.",yes
Other football teams are available,yes
I just can't wait to get my wisdom teeth out today! Then be doped up for the next couple days!,yes
My timing is always impeccable...,yes
"TGIF , shite week at work. On a good note I've got to hand over £1200 for a new drive today",yes
That's a bummer.,yes
Perfect weather for flying!,yes
"well ok then, u make a valid point. I really agree with the post I forgot to type ps love u guys, great stuff",yes
Sorry but UR life doesn't matter UR not black,yes
do you know what  means,yes
"agree, I recommend  Sardana and Chaudhari for the post :P",yes
BAHAHA...this is just too perfect! ,yes
"What because their old they cannot be thieves? Shocker,  that's",yes
Google makes OSes?,yes
"Just submitted a full rough draft of my Chapter 3.... my reward? a few hours of sleep, hooray!  !",yes
Aw. That's sweet.,yes
Cena wins again. Yawn. What creative booking.,yes
We have another heat wave! Yay!,yes
I can definitely see why the  sacked Tooves. They were disgraceful tonight,yes
"but I was told he's a crazy dictator who muzzled scientists, destroyed the environment, and eats kittens!",yes
"Folks think it's revolutionary to call black women bitches, hoes and skanks. Let's name a holiday after NWA! Whoo hoo",yes
Woooowwww that's really fuckin craaazzzyyy,yes
Having a 24 marathon because I need more stress in my life.,yes
don't you guys just love being assigned readings due on the second day of class? ,yes
"Did you know that ""parking garage"" is actually Latin for ""smoking area?""",yes
[looks to the right] Oh no how would I ever cope with such a very serious threat...,yes
Ha ha. Lord knows it'll be on 20 times over the next few weeks. It's THAT good.,yes
Feeling your hip flexor pop as the gun goes off is awesome!,yes
Wisconsin had 2.878 million jobs right before the recession. We now have 2.882 million. Very impressive Scott Walker.,yes
Omg I love when people are out at the pool being loud and obnoxious!,yes
It would be a shocker if  bullpen blew this lead.,yes
Pitbulls are so vicious...  …,yes
Haha  totally owning,yes
taught me to keep warming up the tires with a white flag under caution - because you never know!,yes
And we're back. Yay.   …,yes
10 Reasons  People Are Smarter Than You  via,yes
Charlie Sheen to Donald Trump: Let Me Be Your Running Mate!  via,no
"But it's ""recovering!"" //Home ownership rates drop to 63.4%, lowest since 1967",yes
"Thank God, the Indians drawed with the Bangladeshi gentlemen in the one off test",yes
You are as handsome as you are smart   Trollng my past tweets..really?,yes
"BREAKING: Obama changes Mt. McKinley to Mt. Denali. Next change, Mt. Rushmore to Mt. Obama.",yes
time to run away from you then,yes
is a GodMan So How Can He !!,yes
I just love sarcasm.,yes
The majority of my Twitter conversations are one-sided.  Awesome.  Just awesome.  LOL.,yes
"Please continue to retweet, I love getting on here once every few days and seeing one name for 4 hours of scrolling",yes
Use it. Love it.,yes
don’t know how he has managed to adapt from La Liga - what with it being so slow compared to Premiership.,yes
"I agree, they are all friends till death.",yes
by the good American people of course.,yes
I drive way too fast to worry about cholesterol.,yes
Sweet subtle jab at the Patriots,yes
Seems  is as impressed with the commentators as everyone else on my timeline,yes
"If  says it, it must be true, right?",yes
sorry dude. No one told me you were in charge of other people's opinions. Didn't mean to disrespect your position,yes
Gotta love a girl with that much class.,yes
Josh Donaldson sucks! Two at bats without a hit.,yes
Cait's mom referencing thousands of year old text to explain her child. GOOD. That's not insane at all,yes
was created to confuse the . 󾮗󾮟󾮝 Credit (f) : Isidro Labrador Obeso .,yes
"Put that guy on waivers, he's awful",yes
Even better in the second test. smartcares  @ Mactan Cebu Airport,yes
The data in 409 said that Christianity was to blame. No other problems. Just Christianity.,yes
but what if it's Michael Conforto?,yes
knows the law better than Supreme Court or  PD,yes
Common test next week.. i am totally looking forward to it..,yes
You're 24 but you're hanging out with a senior in high school... That's cool.,yes
Today has been a real treat so far.,yes
Love being sick  ,yes
but but but HE DOESNT FOLLOW THE NUMBER 1 GUY!,yes
"Nope, not photoshopped. Thanks  for a stellar job.",yes
I was kidding... Next time I'll include the tag ;-),yes
"nah, you can stick whole alphabet in dropdown",yes
wait?! A race ending in a caution? No way!,yes
"Otw home from celebrating , my e-break snaps &amp; my dashboard lights up like a Xmas tree. ",yes
I  to  for renewing my faith in religion. You saved me maate. You saved me.,yes
Still no updates from  about the criminal . I'm sure it's normal administrative delay,yes
"TV looks soooo amazing tonight, I am going to have real trouble deciding what to watch",yes
After all of these fees I basically bought a 3rd ticket. SO CONVENIENT THO,yes
Great job  ur mobile app won't even load on a very important day in the markets. Fantastic job!,yes
I don't know because it's not on your username lol,yes
"Markus' first day back, the car breaks down and we have to get towed. Best first day back ever!",yes
so you basically wished yourself to die? Very smart people. You are so much better than us,yes
The demise of G+ - who knew that would happen!?,yes
That sarcasm ,no
"way too much excitement in that ballpark today, please ask the fans to contain themselves!!",yes
sorry. Forgot my tag,yes
Presidential candidates for 2020 US elections are already known:family members of Bush's and Clinton's and maybe Trump's too.,yes
Can't wait for the crowd of basics with Ugg boots and shorts to grace us with their presence.,yes
"Oh so those players are off the table, you say? Well this guy must be fired immediately for saying this.....",yes
We didn't steal anything at the school party  (i'm the guy on the left),yes
"my commute isn't quite miserable enough, can you please start roadworks outside my house to top it off?",yes
Yeah. He'd make a terrible James Bond.,yes
"God, Ricketts is SOOO BAD.",yes
Had a great time in skate 3 with  tonight all thanks to,yes
Had such a great time last night,yes
All lanes  blocked. Great signage,yes
Watching classic hind movie ..sense of old days,yes
Hot and dusty start today -2,yes
Wow you liked 10 of my pictures from a long time ago? That really attracts me and makes me want to talk to you :-),yes
"Just another day on the Isle of the Lost, singing about how bad we are.",yes
How great is this O Line.,yes
"Tut...tut...""blacks don't value education""",yes
And September is off to a roaring good start.,yes
Let's get today started.... Woo....,yes
How 'bout people who are sarcasm at the same time?,yes
Because nothing marks the start of the season quite like a crock pot... And it's 25% off!!,yes
maybe  would like exclusive rights to story,yes
"I mean it wasn't because he was fired and he blames these 2 people he shot, it was because he was racist",yes
Drinking  from a  paper cup.,yes
"great stroke story, but why on earth did the ""teacher"" try 2 discourage her project? Didn't adhere to the agenda?",yes
That's a shame. MSNBC bumps Al Sharpton to Sunday morning -,yes
might be the lowest form of wit but actually makes people brighter and more creative,yes
I can't wait to see the peer-reviewed papers debunking evolution.,no
It's a scientific breakthrough.,no
"Rule  in framework design: put the words ""modern, lightweight, simple, powerful"" into the name/description of said project.",yes
"Bureaucrats cut red tape, lengthwise.",yes
From my fav muppets.,yes
Andy Murray started so shit coz he was upset bout Danny Welbeck's injury as well,yes
"Gee, thanks for coming out.",yes
"sure, that's it",yes
20 minutes of having ' XPS 15 and I already had to re-install  10 :) Great ,yes
When people try to run off their misrable attitude on you &gt;&gt;&gt;&gt;,yes
So relieved. Sepp Blatter has endorsed the Russian World Cup. All is well in her world,yes
I just wanna thank whoever posted that pic of Oberyn vs The Mountain.,yes
How is that possible?  Obama and  said that guns are the problem.,yes
But he was a fat kid and no girls ever paid attention to him. He was owed.,yes
My favorite thing is when Luis opens my snaps but doesn't snap me back... ,yes
Do you know what I love? Explaining the same shit over and over again to the same people. THAT is what I love.,no
"Like Rachel and Jen, aren't they the same thing?",yes
Just got 15 emails about a Facebook conversation in which I was actively involved.Thanks for telling me.,yes
"Proof he can't relate to his players, he should just know what they like.",yes
Its such a hard task having to lounge on the sofa with my baby sleeping on me,yes
gpro is a recession proof stock. Didn't they teach you that on the $12k CFP course?,yes
Tonight I learned that Miley smokes pot,yes
it also would have been included in reservation system of country,yes
That shitty feeling we all love so much ,yes
par for the course eh? Grab a weapon and have at 'er I say!,yes
I'm so funny ,yes
Tribes having a team meeting yes because the last one worked so well,yes
"Really?!? How long did it take them to come to this ""mind-boggling"" realisation...Pffffffffff. YES I'm being sarcastic!",yes
Waited 30min in the scorching sun for the M9 and both went out of service. Thanks for the great service MTA!,yes
"Can you guess what these methods do? ""Meaningful Method Names""",yes
never texts me back. He's the real NVP.,yes
So glad he is a presidential candidate....,yes
"See, this is what happens when one forgets one's hashtags.",yes
TN govt sues Jayalalitha for commenting on Amma's ill health when she said she couldn't attend kalam's funeral,yes
Can't wait to hear big Sam on,yes
Now it feels more like a proper  game... Penalties galore!,yes
Disappointing PLL Finale and the news of Reyes on TXF.....what an amazing night,yes
damn them socialists for wanting there party back  how dare they,yes
Did you know tomorrow is  ...it sounds like last wks debate has provided lots of great material. Can't wait.,yes
I was thinking about wrapping the engine with it as well,no
It's a catastrophic success.,yes
"WOW,  looks awful!",yes
He doesnt care what you have to say,yes
I love listening to Cheerleader when I'm working out! Thanks 24 Hour Fitness!,yes
I'm just gonna stop tweeting just to make you happy ,yes
I'm baffled sometimes when I see nobody out on the course.,yes
"Past few nights have been rough. Can't get too hot or my body starts looking all splotchy. Thanks, allergic reaction.",yes
I have earned my  I am better thannnnn everyone,yes
"We saw all the kids before they went to school, now I can't wait for Facebook to show me them after!",yes
Love being sarcastic ,yes
I love the reactiveness of our current times.,yes
tun razak's friend.,yes
"No.  I'm being genuine, my lady.",yes
yeah thanks a lot  it's really helpful for those of us getting to work  when tram terminates 45 minutes away.,yes
quarterbacks get the girls? MIND BLOWN,yes
My favorite thing is when random psychos reply to me and argue things I never said.,yes
Great running weather,yes
I think she still has too much clothing.,yes
"Remember, kids,  is more boring and predictable than .",yes
But all I really want is the one with the black panther,yes
"So I guess that's that, nice work Terry Ryan, you really put together some nice trade deals.",yes
"Good to see Cris Carter has essentially no repercussions from his ""fall guy"" advice.",yes
'Some People Is So Touching ',yes
just said that it was a good idea to wear a sweatsuit tonight. Lol!,yes
oh pls I  to,yes
Another fine example of cost cutting,yes
"2 mothers, no father. Or, 2 dads, no mother. Makes total sense, right?",yes
Really? She destroyed evidence requested of her by an ongoing FBI investigation! Great reporting CNN!,yes
U know your day is great when you are having diarrhoea for days and u have a bad cough ,yes
Why does  have the WORST scheduling? I enjoy having 5 hrs between classes and my one day off taken away,yes
"Colour me surprised. ""NDP Open To Coalition Government With Liberals To Take Down Tories""",yes
OMG! I'm still in shock over those crazy chicks that took my joke to Audrey seriously! Wow-,yes
Todd's ratings sucked on Rundown and MTP so now replace Ed with Todd who's a numbers guy? Brilliant!,yes
HSC trials start today and I'm very excited ,yes
Fat people have the best diet advice.,yes
Of course Obama will speak at the funeral. Real leaders see division and act quickly to promote peace and unity.,yes
"wow, thank you for this important news update- ALERT THE WORLD!  She got her ear pierced wearing a BRA",yes
My degree of depends on your degree of stupidity,yes
"So I really need to put the now? Christ, man, read the tweet as intended!",yes
"Super excited that the UK picked nothing, but the best and brightest from the USA to represent us on",yes
So we drop to their level &amp; do the same thing to others makes sense,yes
"You're right.we just follow what we are taught blindly,and never ask questions or seek answers.",yes
but but it is going to snow somewhere this winter!,yes
"Wow,  I bet the rest of the country is loving this exciting   vs  game on . Holy Cow.",yes
""":  Thank you dear sister for your kind words.:D . You look ."" I got your sarcasm!",yes
Refuse to watch  100m final! Can't support a sport which is not racially representative!,yes
"Good morning! I wake up with a toothache,it's going to be a fun day",yes
That Fister trade just keeps on paying dividends,yes
That's awesome! I just saw a taxicab driver leaving the pot dispensary.,yes
you foregot the part,yes
It's shocking that they rebuilt white New Orleans before black New Orleans when black New Orleans was the majority. smh.,yes
Really have a desire to put in a full day's work on the job since the boss said most of it doesn't matter one bit.,yes
This is how  the new monk tier looks.,yes
Will western powers demand the  drone is returned unharmed? Will they condemn this 'terrorist' act?,yes
Please please PLEASE repost that video of Jeff Bridges acting about America. I missed it the first 200 times it was shared.,yes
How dare you use logic?!?!?!?,yes
Thx 4 the RT!:) It's nice to know somebody cares:) (not about the whole caring thing:),yes
"hey man, I too am addicted to making shit up and belligerently defending my integrity",yes
"Not sure what to make of . Guy's innocent until proven guilty, and once again the internet's response has been calm.",yes
Really? This is surprising.,yes
"Not suspicious at all, Six...",yes
why would they? They are an awesome team!,yes
because that's what we need.,yes
Another  today in West . M2.6 near Ft. Stockton  Not much  out there,yes
"She's obviously qualified for office, then.",yes
Life with a teen.  It's all my fault.  As it should be.,yes
"and also watchin porn wen parliament is in session is ""not"" public indecency :P",yes
there seems to be ZERO bias in this tweet,yes
I was making a joke. Should have tagged it or something.,yes
"No they can't, but  might",yes
No shit.... REALLY?!,yes
"Macy knows my address now. I hope she doesn't come visit me. I SAID, I REALLY HOPE THAT DOESNT HAPPEN I MEAN IT WOULD BE THE WORST",yes
Now that he signed we can calmly bench him or play at LW.,yes
If  existed during India's independent struggle!    ;),yes
"Wow, Ryback won, I'm so shocked.",yes
: But ... football.,yes
Oh hubby will be pleased,yes
Costume sketch for The Life Saver That Is Sarcasm!     …,yes
@ Manchester city…,yes
Not in Mt. Zion though?? They never do anything over there.,yes
I use because beating the shit out  of people is ilegal,yes
oh I know. And it looks like they're gonna come back and win this one too. Just like they did against the D-Backs,yes
Bills oh how I love paying em.,yes
"Oh good, I was hoping it'd be super hot again today   …",yes
"You know what doesn't really work on the internet, but people still try to use it all the time and it's annoying as fuck!?",yes
What a great match,yes
"4 all Ireland's, 9 Munster, 3 all stars and a player of the year but your probably right!!!!",yes
naturally wanting segregation from a group of people because of their race doesnt make you a racist,yes
I sure am glad the Dodgers addressed their bullpen issues at the trade deadline!,yes
"Women-only carriages? So instead of addressing the source of sexual assults, we segregate? Gold star",yes
Thanks  for giving us a memorable game    …,yes
Jose says he does not want to talk about players from other clubs,no
Shocker. The  open the game with a power run. Completely out of character for Harbaugh.,yes
I'm a little annoyed there isn't more news coverage of Zayn and Perrie's break up!,yes
Going to have to wake up three hours earlier tomorrow to do the whole school thing. I'm sure that won't be horrific at all,yes
"The world needs more of these bequiffed, bearded guys doing selfie videos with 'humorous' outcomes. I just can't get enough of them",yes
Being left handed is a choice.  And a mark of Satan.  You will burn in hell.,yes
"Oh good, it's nice to seel that Fox's slapped together ""We Don't Want to Lose the Rights"" piece of a movie will win the box office.",yes
The fact that  is live tweeting  is amusing and terrifying,yes
Ready to be entertained!!!!!!,yes
First Class at Csun  starting at 8 am,yes
That WKU offense sure is something!!,yes
I feel like stolen  are a seasoned staple of our city (so proud),yes
Oh woe is me....poor Shelli,yes
"Skip Bayless is just a humble, modest observer",yes
I know mate.......,yes
"Yes, teamwork is quite the obvious method of... cheating.",yes
Job hunting is the best,yes
"Just got my GCSE results: three Bs, three Cs, one D, one E and an undetermined physics result. Thanks  great job",yes
Better than Mega Man Soccer?!,yes
"Wow, Toronto. Are the ' minor league affiliates going to be able to field teams, or forced to forfeit the rest of the yr?",yes
All of you who are whining about who was selected as a starting QB must have it all together,yes
B'cos detention camps are the only solution for people with no country or home to go to......,yes
"Everybody is mad about the finish at , I am just mad Sting wasn't there.",yes
Excellent fightback by the Aussies to take the game into the third day.,yes
im real glad they changed the schedule and moved the Mario 3 race to a time when I won't be home,yes
"Well you know, he is making the run and tackle.. so yeah it's his fault! Lol",yes
follows people to get her name out there,yes
""": What it looks like when you drink water -  so what does it look like when you drink beer ?",yes
dang it grim I really wanted one of those toys.,yes
So Tiger Woods didn't make the cut at the  and the golf world hasn't collapsed??? I'm absolutely shocked,yes
I'm sure he will get snatched up and be on a major league roster immediately,yes
So there's this new invention called canned foods. Keep throwing away my fresh produce but THIS IS GENIUS,yes
how can they harvest body parts from clumps of cells? they are babies!,yes
"CLEARLY this guy is missing some names, but it's still a good article, I guess.",yes
"Yeah, because is always *so* obvious even without a hashtag.",yes
So I guess to avoid  attention ... murder 1 at a time ... the multiple shootings gathers too much attention.,yes
Hallelujah!!!!Gibbs will live! Such a relief!,yes
Hope we get to drop those 600k bombs on Syria .. just makes so much sense.,yes
 @ G Town,yes
Thank you for taking the time to answer my texts... Means a lot,yes
Smile SelfPee  All for a,yes
"bro, Lions' lives matter, too. Don't question it.",yes
"exactly, nothing but trouble with the PED's and the kitten punching such a nightmare. ",yes
HOLD THE PHONE. A POP STAR? TRYING TO MAKE MONEY?  you capitalist monster..,yes
Stuck in the  after such a long long time.  I had truly missed u. Thank you  for the sweet nostalgia,yes
because of all the children that got hit. ,yes
"hey . @ . , thanks for NOT having ANY detour signs during parking renov, loved being late to the movie",yes
Locked out the car... Stuck at Walgreens.. Such a wonderful combination... ,yes
glad those of us onboard that train were notified,yes
Camping in our neighbors backyard in Arlington was pleasant. next time pls plan major const. In the daytime,yes
Nice job curb painters!      @ Arby's,yes
You know what I don't get to do enough of? Install Flash.,yes
Thanks for the multiple replays and zoom in shots of Cam Newton trying to keep his feet in bounds in practice. Riveting story,yes
"yep because Hillary sure intends to address militarized police, the war on drugs and felon voting rights",yes
"""Sometimes it's better to just remain silent, and "" wkwk  @ HKBP Pardomuan",yes
What a CYANIDE surprise you have left for my EYES,yes
"Welp, got the earliest shift today and I lost some sleep last night. Today's just gonna be absolutely amazing.",yes
This is BRAND new information ... I am so shocked.,yes
You guys are one in a Minion,yes
thanks for delaying my flight about five times today!  It hasn't been inconvenient at all.,yes
are you hoping to see Tiger light it up like he has been? I know I am.,yes
"Great teammate. ""Brandon Marshall says he was only Bear to hold Jay Cutler accountable""",yes
"Commodity markets came back today, who would have thought...",yes
Yes Niel from TEEN TOP is ugly... very ugly...,yes
Nurse: So I'm guessing you've got a headache? Me: no I just like to look cool,yes
"man! I'm an adult, I know that!",yes
What a great way to start the holiday!,yes
Did you ever wonder about this question?,no
That shit is so June. Get over it.,yes
give me the internet service I deserve and paid for. Can you do that?,yes
not from me.,yes
"Art of has been lost. With such a dearth of wit &amp; intellect, maybe no surprise this is our govt.",yes
".   Well shit, here I thought racism and killer cops were bad things. Thanks for educating me",yes
It's so hot and muggy in LA.  Good thing my wife is going to Miami to get away from this weather,yes
"Were about to get some wet t-shirt action,,I picked a good day to wear a bra..",yes
Mate I'm doubled up,yes
Found my MP3 player &amp; earbuds strung across the floor. Kitten was sooo nice trying to bring it to me. O_o,yes
I need to tone it down on the sarcasm cause people do not get me.,yes
Yes. More guns. Guns everywhere. Big ole western-style shoutout. Sounds like the answer to me,yes
No Cards for getting a left-handed Mark Reynolds? Color me shocked.,yes
So I take it some people don't like the Reezus Christ album cover. Never saw that coming,yes
Pretty Sad Panda has won the by-election in . Such an asset to the Wildrose caucus,yes
"$AAPL name change to Orange, boom instant 1 trillion dollar company $GOOGL",yes
RT : RT if you love Gorgeous MILFS sign up to ...,yes
Totally random event of course. No relationship at all to,yes
Feeling broody? Stick  on. That'll quell the urge for another few months.,yes
"Google Glass allegedly ""needed"" b/c you have to take your phone out of pocket and tap it to get online",yes
Calling someone unattractive is definitely the same as violating their civil liberties,yes
"I really should tweet more, though. Actually. Like I really should.",yes
That makes me feel good about myself,yes
"Why not let every country have nuclear weapons? Nuclear weapons don't kill people, people do.",yes
Does anybody know if  is gonna be on TV anytime soon?,yes
Because  my kids had to eat a generic snack with our movie.  Thanks  for making me fail at parenthood.,yes
As I sniffle and cough through this head cold/weather change crap...      ...,yes
"crickey, I didn't know johny wilkinson won   the World Cup!!!!!  cheers sky",yes
"Here comes my favorite person in the whole world,",yes
lol... I find this hilarious.,yes
the holy war? What is this game you speak of? Doubt it's important enough to play ever year. maybe every 3,yes
New driver in the No2 car,yes
"Accept from others as it requires  thinking, discerning meaning beneath d surface, which cd b a hallmark of .",yes
I totally enjoyed a 9 hour shift in the rain today...,yes
It's almost as if no one can tackle anyone out here. Very troubling for the cover team.,yes
"If you have to take phone calls, you're too old to text or you're a drug dealer",yes
Who actually thinks that,yes
Yes. I find it extremely sexy when your nasty self honks and hollers at me while I'm out for a run ,yes
I would have thought that my daily political rantings and sarcasm have gotten me more followers.,yes
"Since stand up comics are a minority in India, they should apply for reservation too.",yes
What?!  I'm shocked?!  Throw the abusers in jail.   runs rampant in the UN....&amp; in govt.,yes
Oh Shes 8?! WELL THAT MAKES IT FUCKING BETTER THEN!!!!111!1!11!ONE!!!EXPLANATIONMARK!!!! FUCK,yes
im so  about my  tomorrow - I've always wanted my 5'11 - 220lb frame to be stuck in a small tube for 30 mins,yes
"What did the Pacific Ocean say to the Atlantic Ocean? Nothing, it just waved!",yes
Why I said that.,no
Brady will recoup all lost wages by doing commercials for a wireless provider for the purchase of phone insurance,yes
Such CLASSY girls this season!,yes
"Yes, and Swerved was so good that it angered talents, prompting its cancellation. Too good for a second season.",yes
"Working up a nice pre-work sweat this morning, thanks !",yes
"This is great, I get to see people live tweet wresting. Awesome.",yes
thanks  for closing half the Detroit banks so now I have to travel a few miles further then wait in a long line on 2 tellers.,yes
Don't you just hate people that have two faces? Like how'd they get so lucky... ,yes
"Evil plan: Ship 100s of Jeep Cherokee to /, exploit remote hack, eliminate targets.",yes
I don’t understand what you mean.,yes
of  The resemblance is uncanny.,yes
BREAKING!! The Release of OTIX and OTX Announced!,yes
I love solo queue on cs go!!!,yes
"Whoa, whoa, two favorites on that last tweet in under five minutes. I'm DEFINITELY popufur now!",yes
The world needs more pictures of food. Maybe.,yes
welcome to the wonderful life of repaying student loans! It's a blast!,yes
Trump Builds Giant Wall Around Press Conference to Keep Jorge Ramos Out  sort of,yes
Wow... I slowed down drastically from this morning... Wonder what has changed?,yes
". Oh, but it's ALWAYS about them.",yes
Lots of online publishing works missed because of my very good  Internet connection. You're NUMBER 1!,yes
Open carry is legal in MO... GREAT!! Let's encourage everyone to show up with a gun.,yes
If the  could trade Joe Blanton for David Price straight up would you do it?,yes
Lets try to outlaw hatchets too,yes
Fabulous! now I'm covered in hives!,yes
No fun tonight!,yes
"I think Clay's history, which means Shelli will cry and be whiny. Can't wait for that.",yes
why is patrick kane being investigate by the police considered big news if they didnt find anything...?,yes
How dare you interpret what another human being said!  You have no right.,yes
"This is a great example of how ""powerful"" and ""worthy"" all political parties are in Lebanon.",yes
After they both named all of the other provinces and territories too!,yes
Imagine if all the stones in front of my house turns to gold &amp; I get them all.. what a year this would be!,yes
Everyone seems so happy to be here!,yes
Being allergic to Mosquitos is fantastic because when you get bit it looks like you have a welt the size of a quarter ....,yes
"Harry Kane says he wants to become a spurs' legend, well he's sorted that already, now for the big move.",yes
"is good? Yeah, right       via",yes
To think an actor needs to be paid to appear in something?! The fucking horror of that concept!!,yes
Pro tip: Eat a large packet of toffee popcorn right before HIIT.  …,yes
Breaking News Ted Heath Tory PM was gay i am shocked He was into very young boys  Tories are nice people we are told.,yes
done right. LMAO ,yes
What an honor.,yes
Oh goody. Fire alarm.  Nice to see everyone comes out when it goes off.,yes
"It's the Democrats that are pro-women, right?",yes
Ha! A laugh for your Saturday evening.,yes
"Worked for Baltimore. Mayor cleared out the police, and everyone went home peaceful.",yes
"Acting jobs seeking ""real"" doctor, lawyer, priest, etc..that should be for all roles, ""real"" burglar, ghost, murderer",yes
Redknapp and Henry. Now there's a pair of expert opinions,yes
Think of room service!,yes
Feel free to beep me if this statement is wrong... ,yes
"By WAR, Votto is only the sixth best player. I can't believe he sucks so bad.",yes
What a shock...,yes
"– Being both  and  is a lot of work, you know?   …",yes
What if they cant handle the trophy less season for one more year when barca win league and copa del rey again.,yes
good to Hirds resignation has had the immediate effect of easing the media pressure off the club,yes
"yo but... "" it's only a beta...chill""",yes
"Israel is apparently the only country under threat in the Middle East? Sure, I totally buy that argument",yes
Super motivational,yes
Online voting is a great idea,yes
Another funny Lip Sync serie_3Sarcasm of a Snobbish Air Hostess  …,yes
Soooo first week of vacation already done ! Freezing cold and rain !!! Swwwweeeeeeeeeeeetttt !,yes
You are the human version of headache.,yes
Love the,yes
Another selfie .. how original This was at school,yes
"couldn't quite get in there. Just appalling, the lack of attention. Brady is spending more time in court than Kane will",yes
"Oh, ""alien culture"" aye. I see. Never slipped my mind. Thanks for the enlightenment.",yes
global warming isn't real bc on my 10 minute drive the temperature went from 7 to 4 degrees.,yes
"Phew! If Grant said it, you KNOW it's true.",yes
"most teachers there for the check...I get it though, some muhfuckas just cant keep up. Whats it to you.",yes
The X Factor.. Rigged?! Never!,yes
Yay!!! Traffic going home too!    @ 91 Fwy,yes
I love being a girl and accidentally cutting myself when I shave my legs.,yes
oh my god did you guys know that Cece is A?!?!!?!?!?,yes
"Boob job fund coin bank money jar jug tumbleweed    ceram, LINK:",yes
EWR TSA how I love you.,yes
I love how well I'm treated by the peer of my peers,yes
"Wow, forgiveness, thanks ! I'm sure that's what people having abortions were worried about.",yes
Shout out to  for not answering my question. Customer service is second to none.,yes
wait wait wait. You're saying giving up a 3-1 lead is a *bad* thing?,yes
"Looks like Landsdown needs to be a ""0"" at end of the £6million!!",yes
Really getting my moneys worth out of that service lmfao,yes
"Quick question, so wtf happened to my life over the course of this summer............",yes
Kicks of the day,yes
maybe we could try that for the street,yes
Drove all the way home with my lights off so I think it's safe to say that I'm getting better at this adult stuff right?,yes
has a culture of   &amp; . We  actors leaders businesses &amp; ourselves with passion,yes
Wow it must have taken great insight to see this,yes
Buzzing for my Tina close tonight!,yes
So what day number does the  opposition claim the  is on? Day 987?,yes
So he broke his nose and his nose swelled too double the size. Then won the match WoW such a big deal,yes
hey nice job identifying your online specials as online only! I'm ordering somewhere else.,yes
What's the signature color of Skinny Girl? I can't tell.,yes
"""It's a way of life."" Truth!",yes
I said it after the Cup Final and I'll say it again now. It's boring when it's this easy.,yes
Shoutout to the teachers who talk all the way through exams distracting students and not letting them do good in exams... Ly all,yes
The right time for sex look at the time what is the answer ? Duh,yes
"well, I feel all cheered up....",yes
"don't be silly, don't you know it's only white people who are racist...",yes
I didn't know there would be a  in  but I'm so happy there is!,no
The Dr rang to see how I was. I told her the truth. Now she's hving the CT ring me. Great,yes
sexism in an Adam Sandler movie?! surely you jest!!,yes
He is so thrilled  lol,yes
This  team is about the best coached in majors.,yes
Wow. Just my night.,yes
Current mood...        …,yes
Don't you just love two faced people??,yes
Good to see Inglis running with a bit of purpose doing the hard yards.,yes
"Less than expected coming to , So,  adds this event... Good strategy.",yes
how big of you smh,yes
Yup. Moses story is totally legit...,yes
that other's wife is better than his own.. lolz,yes
Wow. Big day for me. 50 followers.,yes
well there is just so much to do in Pittsburgh.,yes
Dude lighten up and,yes
...ironic google scholar fav'd this.,yes
Lol yeah Clarke who now??,yes
The moment you realize you have an amazing life.,yes
"Yeah, I totally haven't been listening to podcasts and play ing pokemon tcg online all day. XD",yes
"All lovely Delhi ladies, let's roam on the streets of Delhi post 10PM.",yes
I lve being ignored ,yes
Let's arm every news reporter!,yes
"Lol, I like how everything happens to me all at once.",yes
Worlds Cheapest Flights:  Some little known section of . …,yes
Life is fucking awesome,yes
"Oh, darn... I missed the GOP debate.",yes
"Groups like  ,  are always right in their actions...tats y dey r called Right Wing Groups..!!!",yes
Haha  about right,yes
Perfect day to have a job that requires being outside!,yes
"I dunno man, ball 3 was ppprrreeetttyyyy close...",yes
do you have another interesting topic about our taeyeon? i would like to subscribe.,yes
"WOW WHAT A DIVA CAN'T BELIEVE THIS GUY only about himself &amp; not his team, amirite",no
NUDE VIDEO: Ann knew she was coming to Dubai for prostitution – suspected syndicate head,no
that a trending  topic is  critiquing a journalist about her stupid hair question... We suck.,no
Cuba Won't Move 'One Millimeter' on Human Rights  via  Shit hot leadership from .,no
Wouldn't surprise me if venkys went after big Sam.,no
Celebration of identity. Rejection from the family.,no
"Hahaha pot, kettle and black are words that come to mind",no
- in a shocking twist of deal fall through and you're left with a player that is aware he is disposable,no
The beauty of buying a cup of tea in England's first ever coffee house ,no
STOP THE INVASION ACROSS THE BORDER THIS IS HOW ISRAEL DID IT       … … …,no
MADD President David Griiffin charged with impaired driving,no
Thus the GOP joins identity/special interest politics. What happened to E Pluribus Unum?,no
I never admit or deny anything it makes things more interesting.,no
"We always say that we never become that type of person, but in fact we all are liars",no
Los Angeles using shade balls filled with water....to preserve water,no
"Oh, but this is too precious. Fervent anti-commie and new cold warrior  plugs the Berlin Wall!",no
Nah... Ohno... stupid guy... just created something that every factory use... Management BS.,no
"Man, I just love it when random people that don't know me start following me on here",no
I say nigga &amp; you call me an expired mayo jar lmfao. go be ignorant out my mentions corn,no
Spent most of my day inside because my internet isn't working.,no
Natural  for  without,no
Everybody is watching the  and still trolling  Guess most of them indirectly is an Apple fan.,no
Yes with FOX. MLB WONT DIE  by the way,no
Ban girls who madly love  (most romantic movies) and say tht they won't believe in love. They never get feelings.,no
Intelligence official: Not our job to warn OPM of cyber threat,no
"""Study hard. Make everyone proud""",no
Challenge the status quo! JESUS IS Lord!!!,no
Regardless of political position,no
Carlos Spencer talking Dan Carter,no
"others, and move on in the purposes of God!  Have the  that surpasses all understanding!",no
"just a tad of a reactive mind showing fr the Jive Azzes, Scientology's finest! Rebecca Grant called ME a bully &amp; criminal",no
"Yesterday while at Wrigley, my college catcher from Otterbein sat in front of me",no
Clerk Kim Davis switching parties to become a Republican,no
"Holy shit. Thumbs up.... Seriously, way to go. ",no
"This is my status, what's your?",no
Feeling philosophical &amp; sad this morning. Lost two people who didn't know each other but were part of my life journey - talk about,no
10 types of men I would never date,no
Funny pictures 201 (56 pict),no
I'm addicted to Intervention.,no
Of course if you didn't have those friends that slap would hurt a lot worse.,no
LOL! Al Qaeda says ISIS isn't legitimate!   /via Al Jazeera America TV report,no
Alanis Morrisette this is in action. The peer get removed by laws he set up to remove peers who've misbehaved,no
Rising sea threaten launch site NASA says   Too low to shoot high  Perhaps they can launch from a FEMA tent,no
"Thx to the a-holes preaching outside the Pride festival yest. for allowing me to demonstrate ""turning the other cheek"" for my kids.",no
Just updated my twitter app  but let's see what this will mean for my tweeting,no
Next series vs the Royals.,no
Quality of  and  are two most important parameters to judge quality of human life.,no
"If Marco Rubio does a good job answering tonight, his mom says they can stop for pizza on the way home.",no
This is where we were staying this weekend. No at all!  …,no
Will be approximated tonight...    ,no
"Yep, he's just another selfish athlete.",no
Good morning! Thank you God for another day.,no
spoken by a woman who lives in fear of the truth.,no
I guess its the Halos that NeverEverQuit.,no
After days of intense actions,no
I only saw this because I was buried on my phone ignoring others.,no
Exam time: 8am,no
What time did i wake up? 7:59am.,no
"Props to him for managing the trifecta, then.",no
"So, Chris Hatcher is back from the DL…and the thrill &amp; excitement from my TL is outstanding!   ",no
Say something  ,no
"students with their  !! Pls share your photos with us on , …",no
Photo: So We never forget… //          ...,no
Did you ever realize the major colors in  are red (blood) &amp; black &amp; blue,no
Inuit eyewitness accounts at the time were recorded but dismissed by Brits as savage,no
I'm sure he's never had to think about that before.,no
Article on TheStreet,no
Currently procrastinating writing a paper on time management.,no
“: I love irony....,no
I've been waiting all summer for this day,no
Everyone who have nothing to do with Islam talks about its reform.,no
"The Big Bounce just started on TV here in Nairobi, Kenya.",no
"Lack of sleep, stress, and non-stop dancing is really effective weight loss. ",no
Wish I'd gotten the flu shot b4 I'd gotten the flu!,no
Seeking an  model that aligns to the needs of  &amp;  today?Look no further than :,no
"K2, a Potent Drug, Casts a Shadow Over an East Harlem Block",no
Being up and ready before my old alarm used to even go off ,no
A Con MP on  demanding the EC do something to make France ensure free movement at Chunnel!,no
This  bottle has my ex's name on it...   (pours soda down the sink)...,no
A devout believer in 1 faith supporting an atheist against a believer in another faith.,no
is peace of mind. &amp; our visitors say it is easy to find  of mind in .,no
oh the,no
Arnold Schwarzenegger Is The New Host Of 'The Apprentice': 'The Terminator is replacing Donald Trump',no
"Politicians and diapers must be changed often, and for the same reason. ~ Mark Twain",no
And  has a bleeding heart  but dislikes Asian migrants at the same time.,no
Max Verstappen to sit driving test after finishing fourth in Hungary F1 GP,no
Vick yesterday National Dog Day today...,no
Landlords ultimate irony?,no
Because there was no DV before men stopped opening doors for women,no
"Sometimes when you expect people to be a little smarter, they turn out to be more idiotic than ever..",no
"Ahh, Labor Day weekend... when a bunch of  players lose their jobs. Good luck, guys! Stay in shape.",no
Right. Giant wall. Should work. And our heroin addition is the fault of the Afghan/Mexican/Laotian farmers.,no
"Weird class this morning, professor shows up a little late, complains we shouldn't be late",no
10 types of men I would never date,no
Would this qualify as ?,no
But believe in Adam &amp; Eve?,no
"When you're always late, you're being rude and selfish -",no
they're a bigot!  D:,no
Review of       …,no
For all the days/nights with no rain... Tonight has just enough clouds to block my view of the eclipse.,no
Never be late again!,no
"Pay attention to me, The Internet!",no
I'm not in the slightest bit jealous!  Have an awesome time!,no
just had a call disconnected because I have no signal...because the signal box you provided doesn't work,no
Hulk Hogan turned out to be a big racist? Never could have seen that coming...,no
I am now offended and must ignore everything else you say and focus on this only,no
"Yes, we have no chance to meet Indian actor....... but at the German actors works it ",no
"Ha, sure! Some their antibodies are great. Just not the goat antibodies. Srsly, they all suck.",no
4 days of hard working out/eating healthy and  4 days of being lazy/eating junk food,no
Tired from doing nothing today!,no
safer from outside food maybe,no
Amazing sunset tonight after looking at Turners earlier     …,no
Why is that I'm inside  and I have  as my service provider but I can't get decent cell service?,no
VW Golf being promoted with the line 'Let's get dirty!'.,no
Tweeting instead of finishing this well-constructed argument that I don't have problematic Internet/social media usage.,no
Here's my newest Project:Women post…How to create a sacred space in your home &lt;3    ...,no
united fans talking about empty seats,no
Radio Everyone aims for global audience  via,no
"British Airways plane catches fire in US, 7 hurt",no
Love this pic!           …,no
"Haha, a bunch of old, cranky Republications lost their Boehner.",no
"I would love to see ,  and  on the same TV show",no
at its finest.  Read through all tweets to get to this understand.  !,no
Celebrated  by inadvertently locking Rigo in the dark bathroom all day.  I closed the door to keep him out.,no
With  in schools and ability to measure capability every millisecond will exams die the death we all want them to?,no
Shock! 5 out of 6 again for 500 notes from a 5er lol I love football,no
Wind in Crowsnest pass? No way!,no
So glad I'm not working from work because otherwise I'd have missed the big announcement.,no
Choose what has authority of over you.,no
"Pandora says they are ad free today, but I just got an ad advertising being ad free for today.",no
when LTE becomes more reliable than DSL connection!   ,no
content distributed in seconds.,no
Donald Trump vs. the entire GOP?        …,no
I love the huge Insurrection figure the most... and I hate the movie.,no
thinking of him ,no
Oh goody. You’ll be able to learn about words like ‘synergy’ ‘take away’ ‘off line’,no
andrew bolt found one his own kind!!! hahahahaha bolt calls trump an idiot.,no
"Well so much 'celebration' of Independence by political parties, the same who signed petition for Y. Menon !!",no
Yeah...and I'll be voting on eminent domain....  Really?  NRO?  FIGURES.,no
The people are the MVA are super nice!,no
It is ironic that my really expensive Age Defying Lotion smells exactly like an old lady.,no
I'm gonna lose sleep tonight while writing a paper about how sleep can help you,no
"Legislature wraps up, leaving Brown with decisions to make: SACRAMENTO — California lawmak...",no
"Drug Goes From $13.50 a Tablet to $750, Overnight",no
"Yeah, right, fucker.",no
I got  on my ! book!,no
LOOOOOOOL when Americans tell immigrants to get out of their country,no
Kings of Leon - Use Somebody comes on during shuffle mode,no
"""Who the fuck asked you?"" replies yet another idiot when you disagree with their shitty opinion on a public platform like Twitter.",no
Darn! The 2nd game of the  is over and our  have lost. See y'all Monday at Wrigley.,no
"If you want to hide your face, go out naked.",no
RedSnapy: Loyal audience      …,no
no chip wanted him cause he was from Oregon  # eagles,no
Taylor presenting Kanye an award,no
Brilliant        @…,no
Reminiscent of 'Fat Man' atomic bomb design during WWII: Christie threatens to 'go nuclear' at CNN debate,no
You can always pick out insecure people. The people who try and act like they have it all together are usually the biggest messes.,no
. ordered to remove  to stories about  removing links to stories,no
"While watching an online video, I just saw the  advert which showed  running rings around Falcao",no
050 Boyz &amp; Treach (Naughty By Nature) interview on,no
"Indeed! Another truth, which should be educated to Europeans, are the facts abt . Scary comments around there.",no
Wait...hold up...did the Steelers really sign Michael Vick on National Dog day yesterday?,no
Yay! Pills Drunk Daddy is on duty again tonight. Wish me luck!,no
Sleep? Sleep is absolutely overrated. X,no
This is such a nice feeling.. ,no
"The Latest: More than 4,000 migrants arrive in Munich",no
they have 666 thousand followers and the song was playing when we seen Ferguson,no
Would love to see UCLA win this on a Hail Mary.... ,no
"""The Buffalo Bills are the best team in the NFL"" : submitted by davurl[link] [comment]",no
It can be done with heart... Coming from a man that doesn't have one!,no
White House: Carson's remarks about Muslims against US constitution,no
Injured bat on the field at Camden Yards. Didn't  write a song that applies???,no
really???? I just can't believe they would do such a thing!,no
"Shane Greene is off to a terrific start tonight, allowing four runs in the top of the 1st.",no
today,no
Hmmm...another incident involving 49ers fans...I wonder what Eagles fans did to cause this...,no
I'm so indoors daddy says I'm anti-social but that's how he made my childhood,no
Biking to the dmv to get my drivers license renewed,no
"As a feminist, disappointed  for being just as    as she accuses trolls of being.",no
Thousands of microbes in house  via,no
Once again....Giroud is not guilty....lolzzz,no
Want to create more  and meaning in your day? Surround yourself with truth and beauty!,no
Perception - Student and Teacher,no
So this landed in the office and I'm here in  for ...,no
just proof New York can't sustain sports teams,no
CAPCO-funded blog  praises area's food/ pub/ cultural/ live music  - now dying thnx 2 Capco EC1/2 cull,no
Can't wait to hear Hoagie's abortion show.,no
We're also 54% through this  abysmal season being over too.,no
A Palestinian attacks an Israeli ambulance carrying what was in fact a Palestinian stabbed by a Palestinian who thought he was a Jew,no
If a New Zealander pronounced my gym's name 'Fox Fit' it would be 'Fox Fat',no
A long walk to freedom         …,no
Too  when you're  &amp; in Hell- change your mind bout Jesus Christ's offer of Salvation-hear  is all crap-JesusSaves-Ask Now,no
even more ima   see da  smh ......   WESTLONDON…,no
I need to go back. I can't wait to plan another    mdepetris @…,no
14 hr workday after a 5 am heavy lift session this morning; my body isn't mad at me at all.  Gotta help when help is needed though.,no
Daily  on  is out!  Stories via,no
because your really going to make tons of money of of it when no one can afford it.,no
I NEED MY EMOTES &amp; EXOTIC CLASS ITEMS NOW!!!!!!!!!!!!!!!!,no
Being ignored is so fun -.-,no
Alanis thinks this is  probably,no
 Just got this email...,no
"Tackles truthiness by distorting truth and taking things out of context, that's logical",no
In Nigeria we stress on the importance of good Parenting but turn right around and allow house-helps raise our kids.,no
Thank you  you're awesome!!,no
he seems like an angry egotistical fool.,no
Do they know that they are the evil regime hellbent on destruction or must they be notified?,no
It's a process to get WH tour these days but apparently jumping the fence/walking through the front door is a breeze.,no
Brewed in Holland RT  When u see it....,no
Another sucker in my life  in,no
"No, officer I'm not shaking because I'm cold. I'm shaking because cops are number 3 on the list of things in most afraid of",no
I just need 1 day like this.. Guess I gotta give somebody the time of day.  I hate wasting my time,no
Irish Accents seriously go through me.,no
My east coast lifestyle tank is being shipped from Toronto.,no
"""YouCanBook.Me -Streamline Meeting Scheduling""",no
So that's why there is so much  going on on . ,no
Jared from subway is gonna have plenty of foot longs in prison,no
I'm afraid the  has just been found to be a major contributor to climate change.,no
More senators line up behind Iran nuclear deal,no
Spam is another person's sandwich,no
Delta sends me a survey on a flight that was normal but not on the terrible one with huge delays.,no
Watching Age of Ultron. These Avengers movies have so many destroyed cities. Good thing nobody died like in Man of Steel.,no
WOW real classy,no
"Its all about that bandwagon, im sure people were tucking into there steak whilst piping up on the issue",no
"Just saw guy on an e-bike wearing a construction helmet, Flip a driver the bird and yell ""idiot"".",no
"Either way, he’s going to destroy me 's   Wonderlust",no
"haven't you heard? McDavis is a bust, he wil be gone after 9 games.",no
140 characters minimum.  of being a broken record about something that has outlasted the LP by 25 years?,no
This wins the internet today!,no
"Love it! Seriously though, sadly so true.",no
Suspected  found on   grounds,no
Fiorina looking to capitalize on another strong debate,no
"A muslim woman goes on air looking for equal respect for religions and beliefs, then says woman who are raped share blame.",no
U r fighting for  more than he himself does ;-),no
Buddha          …,no
3 years ago today I didn't see Nicki in Atlanta but 4 years ago today I did see her in Miami ,no
"Out of thin air, Huckster?",no
14 Things That Still Bother Me About 'Jumanji',no
¤   guitar pick  handmade,no
That Corbyn is a right Bastard!!!,no
MONEYPLANT per BHI mONeY naHI HOTa,no
"They will continue to call themselves ""fiscal conservatives"" and accuse Obama of turning America into Greece",no
Top Blogger templates      …,no
Employer code      -reads,no
tweet..had a boom braai day yesterday .,no
annoyed by everyone and everything even when i know im the annoying one.,no
"Funny how really good looking people tell the rest of us how attractive 'a good heart' is, but they sure won't date us!",no
Man gives me attitude for telling him to hush during Angry Indian Goddesses,no
"Upon searching for the  keywords 'Google Logo' and 'New Google Logo',  throws up its old  for more than 10 rows!",no
GMA President Says Christian Music Continues to Impact Culture as 215 Million Americans Listen ...,no
nice BrightSpots work in Hispanic Ed see  BrightSpotsSchoolsConnection AUS now 2 year+strong,no
Vendor emails me about a regression fix failing to make it through code review while  and  present about testing,no
"CBS Marketwatch:  Futures Movers: Oil prices rally 2%, try to regain $39 level . More   -",no
michael vick signing on national dog day?  much?,no
I think I’m on the good side of crazy.,no
I feel like the only one who didn't drink last night. Ya kno wat we call that?,no
: by the company that recommended we replace 2 meals/day with flavourless cereal so we can be thinner.,no
The hipster Barbie insta is soooo  and yet I can't stop laughing,no
I've been there....,no
Jeremy is so angry at Dara because Chaerin had to babysit her instead of cheering on him at his premiere...,no
Happy ! Think,no
Broncos finally at full strength and just in time,no
"Even ""landslides"" can end up meaning little.  See",no
as  tourney gets temp weather delay,no
will be throwing  when back,no
Nice neutral piece 3d before Catalan elections.,no
I saw this play in the same news channel u refuse to give interview but give them money to run this?,no
Aguilar wearing a Lucha mask on the way to the Octagon.,no
Who would vote for VP Joe Biden? He faces many complicated questions in deciding if he'll run …,no
"Sheep mostly misunderstand the role of the shepherd. Protecting their investment so They can milk, fleece and slaughter at will.",no
"So  is doing a day of no ads, but I've heard this ad 3 times already",no
just been blocked by one of your trolls who berates you for blocking people who don't agree with you,no
"hear ""Game Of War"" by Ana Luiza Brown guitar on ?",no
It's interesting to think that making changes and looking out for myself makes me the asshole,no
Guess what time it is!?  Try to say it without singing it!    …,no
Oh the irony    by robstar_2001,no
night  on Dem arms doe Better late than Neva.. A girls gotta do what she has…,no
the one day I'm not wearing one,no
Christ this 48 hrs till Pedro signs seems like a long time......,no
The Sun is setting        …,no
Wor Lass has won 5 in a row and going for a 6th at Newcastle today,no
"I agree on the waste, but those with large paychecks see no value in currency",no
It's okay I didn't want you to respond anyway,no
Obviously a Jeb Bush comic book is everything I need. OBVIOUSLY,no
$$$=&gt;&gt;     for the use of    &amp;,no
"Its a fine, thin line.",no
Margot wows at charity event,no
A bigot begging for humanity,no
Ya bitches bring up mah past more than I do,no
Yay doctors are going to take my blood! ,no
"My reaction to the last  ep, where they were protecting the body",no
ORAYT LAST PLACE WOOHOOH,no
Then why the hell stock market is going down???,no
"Emily Kinney Took Our ""What Kind Of Coffee Are You?"" Quiz     …",no
Peaople quoting Kalam under so called secularism.,no
is the heart of wellbeing and happiness,no
"Yeah, it sucks when someone does something to you that you clearly don't want them to do, doesn't it?",no
Watching a commercial for how great  wi-fi is...while my Xfinity internet is down.,no
Gatherings are always fun,no
"When we are captured by the love and grace of God, we then experience more freedom then we can imagine.",no
"For years I was the jerk telling everyone: No line in the song Ironic is ironic. Then a girl says, ""that's the irony"". MIND BLOWN",no
*Kitchen Addiction!*,no
till 8/26!,no
"""Like Tx, Fla, SC and LA""   Was that endorsement for those governors? That's a NO NO!! u Pledged!",no
"Hey, , my mailbox won't be so full if you stop sending me ""Your mailbox is almost full"" messages",no
You can't master what you don't understand.,no